ID,STATION_ID,MONTH,YEAR,NUMBER_OF_CARS_PARKED,PERCENT_FILLED
1,1,7,2007,621,43
2,2,7,2007,155,40
3,3,7,2007,,
4,4,7,2007,1913,93
5,5,7,2007,956,92
6,6,7,2007,1036,99
7,7,7,2007,310,75
8,8,7,2007,307,65
9,9,7,2007,1240,52
10,10,7,2007,909,46
11,11,7,2007,544,74
12,12,7,2007,266,43
13,13,7,2007,247,40
14,14,7,2007,268,67
15,15,7,2007,2083,88
16,16,7,2007,849,81
17,17,7,2007,703,64
18,18,7,2007,160,56
19,19,7,2007,1140,45
20,20,7,2007,1099,87
21,21,7,2007,645,56
22,22,7,2007,457,31
23,23,7,2007,186,35
24,1,8,2007,721,50
25,2,8,2007,40,10
26,3,8,2007,,
27,4,8,2007,1845,90
28,5,8,2007,964,93
29,6,8,2007,600,57
30,7,8,2007,341,83
31,8,8,2007,326,69
32,9,8,2007,1319,56
33,10,8,2007,810,41
34,11,8,2007,536,73
35,12,8,2007,199,32
36,13,8,2007,134,22
37,14,8,2007,93,23
38,15,8,2007,1808,76
39,16,8,2007,660,63
40,17,8,2007,570,52
41,18,8,2007,135,47
42,19,8,2007,1034,41
43,20,8,2007,1035,82
44,21,8,2007,538,47
45,22,8,2007,427,29
46,23,8,2007,147,28
47,1,9,2007,786,55
48,2,9,2007,38,10
49,3,9,2007,,
50,4,9,2007,1927,94
51,5,9,2007,973,94
52,6,9,2007,887,85
53,7,9,2007,421,102
54,8,9,2007,351,74
55,9,9,2007,1280,54
56,10,9,2007,877,45
57,11,9,2007,551,75
58,12,9,2007,322,52
59,13,9,2007,283,46
60,14,9,2007,291,73
61,15,9,2007,1963,83
62,16,9,2007,775,74
63,17,9,2007,489,45
64,18,9,2007,151,53
65,19,9,2007,1155,46
66,20,9,2007,1164,93
67,21,9,2007,689,60
68,22,9,2007,1000,68
69,23,9,2007,161,30
70,1,10,2007,849,59
71,2,10,2007,179,46
72,3,10,2007,,
73,4,10,2007,1751,85
74,5,10,2007,969,94
75,6,10,2007,934,89
76,7,10,2007,443,108
77,8,10,2007,346,73
78,9,10,2007,1474,62
79,10,10,2007,783,40
80,11,10,2007,646,88
81,12,10,2007,470,76
82,13,10,2007,350,57
83,14,10,2007,288,72
84,15,10,2007,1916,81
85,16,10,2007,764,73
86,17,10,2007,489,45
87,18,10,2007,160,56
88,19,10,2007,1208,48
89,20,10,2007,1098,87
90,21,10,2007,859,75
91,22,10,2007,607,42
92,23,10,2007,148,28
93,1,11,2007,781,54
94,2,11,2007,32,8
95,3,11,2007,,
96,4,11,2007,1770,86
97,5,11,2007,973,94
98,6,11,2007,973,93
99,7,11,2007,410,100
100,8,11,2007,349,74
101,9,11,2007,1578,67
102,10,11,2007,919,47
103,11,11,2007,585,80
104,12,11,2007,395,64
105,13,11,2007,280,46
106,14,11,2007,292,73
107,15,11,2007,1158,49
108,16,11,2007,687,65
109,17,11,2007,533,49
110,18,11,2007,156,55
111,19,11,2007,1119,44
112,20,11,2007,1073,85
113,21,11,2007,750,65
114,22,11,2007,580,40
115,23,11,2007,172,32
116,1,12,2007,719,50
117,2,12,2007,68,17
118,3,12,2007,,
119,4,12,2007,1729,84
120,5,12,2007,964,93
121,6,12,2007,838,80
122,7,12,2007,405,98
123,8,12,2007,324,69
124,9,12,2007,1182,50
125,10,12,2007,757,39
126,11,12,2007,386,53
127,12,12,2007,250,40
128,13,12,2007,201,33
129,14,12,2007,224,56
130,15,12,2007,2076,87
131,16,12,2007,781,74
132,17,12,2007,548,50
133,18,12,2007,154,54
134,19,12,2007,1029,41
135,20,12,2007,942,75
136,21,12,2007,620,54
137,22,12,2007,700,48
138,23,12,2007,169,32
139,1,1,2008,701,49
140,2,1,2008,134,34
141,3,1,2008,,
142,4,1,2008,1767,86
143,5,1,2008,972,94
144,6,1,2008,800,76
145,7,1,2008,373,91
146,8,1,2008,308,65
147,9,1,2008,1099,46
148,10,1,2008,1313,67
149,11,1,2008,548,75
150,12,1,2008,271,44
151,13,1,2008,227,37
152,14,1,2008,259,65
153,15,1,2008,1999,84
154,16,1,2008,804,77
155,17,1,2008,535,49
156,18,1,2008,167,59
157,19,1,2008,1087,43
158,20,1,2008,1114,89
159,21,1,2008,842,73
160,22,1,2008,560,38
161,23,1,2008,294,55
162,1,2,2008,722,50
163,2,2,2008,42,11
164,3,2,2008,,
165,4,2,2008,1753,85
166,5,2,2008,972,94
167,6,2,2008,842,80
168,7,2,2008,375,91
169,8,2,2008,305,65
170,9,2,2008,1481,63
171,10,2,2008,1002,51
172,11,2,2008,519,71
173,12,2,2008,279,45
174,13,2,2008,296,48
175,14,2,2008,285,71
176,15,2,2008,1796,76
177,16,2,2008,669,64
178,17,2,2008,567,52
179,18,2,2008,166,58
180,19,2,2008,1738,69
181,20,2,2008,1061,84
182,21,2,2008,746,65
183,22,2,2008,527,36
184,23,2,2008,146,27
185,1,3,2008,597,42
186,2,3,2008,69,18
187,3,3,2008,,
188,4,3,2008,1780,87
189,5,3,2008,973,94
190,6,3,2008,918,88
191,7,3,2008,384,93
192,8,3,2008,287,61
193,9,3,2008,1408,60
194,10,3,2008,1202,61
195,11,3,2008,588,80
196,12,3,2008,451,73
197,13,3,2008,260,43
198,14,3,2008,290,72
199,15,3,2008,2377,100
200,16,3,2008,744,71
201,17,3,2008,618,57
202,18,3,2008,163,57
203,19,3,2008,1452,58
204,20,3,2008,938,75
205,21,3,2008,681,59
206,22,3,2008,590,40
207,23,3,2008,88,17
208,1,4,2008,808,56
209,2,4,2008,56,14
210,3,4,2008,,
211,4,4,2008,1889,92
212,5,4,2008,958,92
213,6,4,2008,781,75
214,7,4,2008,360,87
215,8,4,2008,330,70
216,9,4,2008,1609,68
217,10,4,2008,589,30
218,11,4,2008,580,79
219,12,4,2008,307,49
220,13,4,2008,245,40
221,14,4,2008,277,69
222,15,4,2008,1994,84
223,16,4,2008,762,73
224,17,4,2008,540,49
225,18,4,2008,167,59
226,19,4,2008,1551,62
227,20,4,2008,1143,91
228,21,4,2008,669,58
229,22,4,2008,742,51
230,23,4,2008,171,32
231,1,5,2008,730,51
232,2,5,2008,56,14
233,3,5,2008,,
234,4,5,2008,1819,88
235,5,5,2008,973,94
236,6,5,2008,989,94
237,7,5,2008,371,90
238,8,5,2008,336,71
239,9,5,2008,1939,82
240,10,5,2008,776,40
241,11,5,2008,519,71
242,12,5,2008,265,43
243,13,5,2008,234,38
244,14,5,2008,257,64
245,15,5,2008,1878,79
246,16,5,2008,853,81
247,17,5,2008,572,52
248,18,5,2008,163,57
249,19,5,2008,1633,65
250,20,5,2008,936,74
251,21,5,2008,753,66
252,22,5,2008,1454,100
253,23,5,2008,176,33
254,1,6,2008,1040,72
255,2,6,2008,136,35
256,3,6,2008,,
257,4,6,2008,1870,91
258,5,6,2008,973,94
259,6,6,2008,1048,100
260,7,6,2008,375,91
261,8,6,2008,350,74
262,9,6,2008,1666,70
263,10,6,2008,1027,52
264,11,6,2008,616,84
265,12,6,2008,313,50
266,13,6,2008,249,41
267,14,6,2008,269,67
268,15,6,2008,1994,84
269,16,6,2008,893,85
270,17,6,2008,549,50
271,18,6,2008,167,59
272,19,6,2008,1595,63
273,20,6,2008,1188,95
274,21,6,2008,733,64
275,22,6,2008,805,55
276,23,6,2008,162,30
277,1,7,2008,1096,76
278,2,7,2008,65,17
279,3,7,2008,,
280,4,7,2008,1829,89
281,5,7,2008,992,96
282,6,7,2008,713,68
283,7,7,2008,281,68
284,8,7,2008,368,78
285,9,7,2008,1716,73
286,10,7,2008,923,47
287,11,7,2008,703,96
288,12,7,2008,372,60
289,13,7,2008,248,41
290,14,7,2008,272,68
291,15,7,2008,2225,94
292,16,7,2008,896,85
293,17,7,2008,761,70
294,18,7,2008,164,58
295,19,7,2008,1683,67
296,20,7,2008,1190,95
297,21,7,2008,789,69
298,22,7,2008,714,49
299,23,7,2008,162,30
300,1,8,2008,708,49
301,2,8,2008,62,16
302,3,8,2008,,
303,4,8,2008,1964,96
304,5,8,2008,904,87
305,6,8,2008,508,48
306,7,8,2008,326,79
307,8,8,2008,387,82
308,9,8,2008,1814,77
309,10,8,2008,986,50
310,11,8,2008,604,82
311,12,8,2008,321,52
312,13,8,2008,273,45
313,14,8,2008,289,72
314,15,8,2008,1337,56
315,16,8,2008,796,76
316,17,8,2008,543,50
317,18,8,2008,155,54
318,19,8,2008,1697,67
319,20,8,2008,1225,97
320,21,8,2008,650,57
321,22,8,2008,501,34
322,23,8,2008,191,36
323,1,9,2008,1411,98
324,2,9,2008,65,17
325,3,9,2008,,
326,4,9,2008,1829,89
327,5,9,2008,992,96
328,6,9,2008,713,68
329,7,9,2008,281,68
330,8,9,2008,368,78
331,9,9,2008,1716,73
332,10,9,2008,923,47
333,11,9,2008,703,96
334,12,9,2008,372,60
335,13,9,2008,248,41
336,14,9,2008,272,68
337,15,9,2008,2227,94
338,16,9,2008,905,86
339,17,9,2008,567,52
340,18,9,2008,154,54
341,19,9,2008,1720,68
342,20,9,2008,1225,97
343,21,9,2008,902,79
344,22,9,2008,702,48
345,23,9,2008,187,35
346,1,10,2008,1080,75
347,2,10,2008,76,19
348,3,10,2008,,
349,4,10,2008,1899,92
350,5,10,2008,961,93
351,6,10,2008,424,40
352,7,10,2008,389,94
353,8,10,2008,407,86
354,9,10,2008,1672,71
355,10,10,2008,1101,56
356,11,10,2008,604,82
357,12,10,2008,410,66
358,13,10,2008,296,48
359,14,10,2008,293,73
360,15,10,2008,2384,100
361,16,10,2008,954,91
362,17,10,2008,654,60
363,18,10,2008,159,56
364,19,10,2008,1860,74
365,20,10,2008,1207,96
366,21,10,2008,878,76
367,22,10,2008,724,50
368,23,10,2008,173,32
369,1,11,2008,764,53
370,2,11,2008,56,14
371,3,11,2008,,
372,4,11,2008,1667,81
373,5,11,2008,829,80
374,6,11,2008,284,27
375,7,11,2008,264,64
376,8,11,2008,284,60
377,9,11,2008,1278,54
378,10,11,2008,716,36
379,11,11,2008,485,66
380,12,11,2008,249,40
381,13,11,2008,237,39
382,14,11,2008,244,61
383,15,11,2008,2094,88
384,16,11,2008,783,75
385,17,11,2008,740,68
386,18,11,2008,182,64
387,19,11,2008,1679,67
388,20,11,2008,1127,90
389,21,11,2008,764,66
390,22,11,2008,709,49
391,23,11,2008,163,31
392,1,12,2008,662,46
393,2,12,2008,47,12
394,3,12,2008,,
395,4,12,2008,1630,79
396,5,12,2008,674,65
397,6,12,2008,303,29
398,7,12,2008,279,68
399,8,12,2008,287,61
400,9,12,2008,995,42
401,10,12,2008,698,36
402,11,12,2008,414,56
403,12,12,2008,174,28
404,13,12,2008,169,28
405,14,12,2008,178,44
406,15,12,2008,2073,87
407,16,12,2008,690,66
408,17,12,2008,473,43
409,18,12,2008,172,60
410,19,12,2008,1678,67
411,20,12,2008,962,77
412,21,12,2008,598,52
413,22,12,2008,597,41
414,23,12,2008,153,29
415,1,1,2009,911,63
416,2,1,2009,50,13
417,3,1,2009,,
418,4,1,2009,1810,88
419,5,1,2009,965,93
420,6,1,2009,636,61
421,7,1,2009,300,73
422,8,1,2009,305,65
423,9,1,2009,1365,58
424,10,1,2009,644,33
425,11,1,2009,471,64
426,12,1,2009,297,48
427,13,1,2009,275,45
428,14,1,2009,269,67
429,15,1,2009,2140,90
430,16,1,2009,702,67
431,17,1,2009,567,52
432,18,1,2009,183,64
433,19,1,2009,1706,68
434,20,1,2009,1100,88
435,21,1,2009,674,59
436,22,1,2009,672,46
437,23,1,2009,155,29
438,1,2,2009,902,63
439,2,2,2009,53,14
440,3,2,2009,,
441,4,2,2009,1760,86
442,5,2,2009,853,82
443,6,2,2009,482,46
444,7,2,2009,315,76
445,8,2,2009,320,68
446,9,2,2009,1318,56
447,10,2,2009,682,35
448,11,2,2009,515,70
449,12,2,2009,275,44
450,13,2,2009,267,44
451,14,2,2009,282,70
452,15,2,2009,1934,81
453,16,2,2009,685,65
454,17,2,2009,436,40
455,18,2,2009,180,63
456,19,2,2009,1669,66
457,20,2,2009,1121,89
458,21,2,2009,760,66
459,22,2,2009,500,34
460,23,2,2009,149,28
461,1,3,2009,922,64
462,2,3,2009,51,13
463,3,3,2009,,
464,4,3,2009,1692,82
465,5,3,2009,893,86
466,6,3,2009,526,50
467,7,3,2009,274,67
468,8,3,2009,313,66
469,9,3,2009,1262,53
470,10,3,2009,743,38
471,11,3,2009,534,73
472,12,3,2009,350,56
473,13,3,2009,305,50
474,14,3,2009,261,65
475,15,3,2009,1746,73
476,16,3,2009,463,44
477,17,3,2009,439,40
478,18,3,2009,178,62
479,19,3,2009,1555,62
480,20,3,2009,1057,84
481,21,3,2009,630,55
482,22,3,2009,743,51
483,23,3,2009,144,27
484,1,4,2009,670,47
485,2,4,2009,43,11
486,3,4,2009,,
487,4,4,2009,1819,88
488,5,4,2009,885,85
489,6,4,2009,498,48
490,7,4,2009,265,64
491,8,4,2009,308,65
492,9,4,2009,1302,55
493,10,4,2009,793,40
494,11,4,2009,470,64
495,12,4,2009,274,44
496,13,4,2009,273,45
497,14,4,2009,260,65
498,15,4,2009,1684,71
499,16,4,2009,631,60
500,17,4,2009,468,43
501,18,4,2009,170,60
502,19,4,2009,1698,67
503,20,4,2009,1102,88
504,21,4,2009,583,51
505,22,4,2009,678,46
506,23,4,2009,122,23
507,1,5,2009,797,56
508,2,5,2009,43,11
509,3,5,2009,,
510,4,5,2009,1784,87
511,5,5,2009,922,89
512,6,5,2009,474,45
513,7,5,2009,278,67
514,8,5,2009,312,66
515,9,5,2009,1228,52
516,10,5,2009,857,44
517,11,5,2009,495,67
518,12,5,2009,212,34
519,13,5,2009,266,44
520,14,5,2009,174,43
521,15,5,2009,1790,75
522,16,5,2009,672,64
523,17,5,2009,496,45
524,18,5,2009,194,68
525,19,5,2009,1449,58
526,20,5,2009,865,69
527,21,5,2009,516,45
528,22,5,2009,544,37
529,23,5,2009,127,24
530,1,6,2009,935,65
531,2,6,2009,42,11
532,3,6,2009,,
533,4,6,2009,1884,92
534,5,6,2009,882,85
535,6,6,2009,632,60
536,7,6,2009,250,61
537,8,6,2009,355,75
538,9,6,2009,1246,53
539,10,6,2009,700,36
540,11,6,2009,557,76
541,12,6,2009,307,49
542,13,6,2009,284,46
543,14,6,2009,219,55
544,15,6,2009,1745,73
545,16,6,2009,690,66
546,17,6,2009,474,43
547,18,6,2009,174,61
548,19,6,2009,1786,71
549,20,6,2009,1047,83
550,21,6,2009,543,47
551,22,6,2009,643,44
552,23,6,2009,154,29
553,1,7,2009,868,60
554,2,7,2009,49,13
555,3,7,2009,48,34
556,4,7,2009,2042,99
557,5,7,2009,822,79
558,6,7,2009,536,51
559,7,7,2009,182,44
560,8,7,2009,350,74
561,9,7,2009,1179,50
562,10,7,2009,687,35
563,11,7,2009,572,78
564,12,7,2009,258,42
565,13,7,2009,307,50
566,14,7,2009,193,48
567,15,7,2009,1869,79
568,16,7,2009,659,63
569,17,7,2009,548,50
570,18,7,2009,135,47
571,19,7,2009,1850,73
572,20,7,2009,1012,81
573,21,7,2009,557,48
574,22,7,2009,539,37
575,23,7,2009,161,30
576,1,8,2009,588,41
577,2,8,2009,44,11
578,3,8,2009,30,21
579,4,8,2009,2053,100
580,5,8,2009,930,90
581,6,8,2009,364,35
582,7,8,2009,289,70
583,8,8,2009,413,88
584,9,8,2009,1233,52
585,10,8,2009,749,38
586,11,8,2009,516,70
587,12,8,2009,268,43
588,13,8,2009,273,45
589,14,8,2009,98,24
590,15,8,2009,1704,72
591,16,8,2009,732,70
592,17,8,2009,591,54
593,18,8,2009,249,87
594,19,8,2009,1458,58
595,20,8,2009,1047,83
596,21,8,2009,573,50
597,22,8,2009,506,35
598,23,8,2009,158,30
599,1,9,2009,850,59
600,2,9,2009,54,14
601,3,9,2009,29,20
602,4,9,2009,1999,97
603,5,9,2009,891,86
604,6,9,2009,501,48
605,7,9,2009,202,49
606,8,9,2009,363,77
607,9,9,2009,1055,45
608,10,9,2009,712,36
609,11,9,2009,433,59
610,12,9,2009,290,47
611,13,9,2009,261,43
612,14,9,2009,276,69
613,15,9,2009,2128,89
614,16,9,2009,819,78
615,17,9,2009,699,64
616,18,9,2009,244,86
617,19,9,2009,2181,87
618,20,9,2009,1138,91
619,21,9,2009,635,55
620,22,9,2009,534,37
621,23,9,2009,153,29
622,1,10,2009,732,51
623,2,10,2009,41,10
624,3,10,2009,31,22
625,4,10,2009,1912,93
626,5,10,2009,903,87
627,6,10,2009,605,58
628,7,10,2009,273,66
629,8,10,2009,355,75
630,9,10,2009,1110,47
631,10,10,2009,611,31
632,11,10,2009,471,64
633,12,10,2009,274,44
634,13,10,2009,229,37
635,14,10,2009,280,70
636,15,10,2009,1178,50
637,16,10,2009,704,67
638,17,10,2009,515,47
639,18,10,2009,252,88
640,19,10,2009,2325,92
641,20,10,2009,1032,82
642,21,10,2009,650,57
643,22,10,2009,619,42
644,23,10,2009,164,31
645,1,11,2009,647,45
646,2,11,2009,41,10
647,3,11,2009,30,21
648,4,11,2009,1331,65
649,5,11,2009,729,70
650,6,11,2009,398,38
651,7,11,2009,192,47
652,8,11,2009,271,57
653,9,11,2009,735,31
654,10,11,2009,453,23
655,11,11,2009,341,46
656,12,11,2009,161,26
657,13,11,2009,241,39
658,14,11,2009,115,29
659,15,11,2009,1753,74
660,16,11,2009,566,54
661,17,11,2009,490,45
662,18,11,2009,206,72
663,19,11,2009,1654,66
664,20,11,2009,1016,81
665,21,11,2009,561,49
666,22,11,2009,631,43
667,23,11,2009,142,27
668,1,12,2009,440,31
669,2,12,2009,37,9
670,3,12,2009,18,13
671,4,12,2009,1785,87
672,5,12,2009,792,76
673,6,12,2009,374,36
674,7,12,2009,205,50
675,8,12,2009,209,44
676,9,12,2009,514,22
677,10,12,2009,633,32
678,11,12,2009,275,37
679,12,12,2009,146,24
680,13,12,2009,180,29
681,14,12,2009,190,47
682,15,12,2009,2028,85
683,16,12,2009,525,50
684,17,12,2009,408,37
685,18,12,2009,249,87
686,19,12,2009,1702,68
687,20,12,2009,986,78
688,21,12,2009,548,48
689,22,12,2009,572,39
690,23,12,2009,141,26
691,1,1,2010,627,44
692,2,1,2010,41,10
693,3,1,2010,20,14
694,4,1,2010,1872,91
695,5,1,2010,738,71
696,6,1,2010,441,42
697,7,1,2010,210,51
698,8,1,2010,244,52
699,9,1,2010,1111,47
700,10,1,2010,683,35
701,11,1,2010,497,68
702,12,1,2010,308,50
703,13,1,2010,353,58
704,14,1,2010,321,80
705,15,1,2010,1405,59
706,16,1,2010,614,58
707,17,1,2010,440,40
708,18,1,2010,238,84
709,19,1,2010,1750,69
710,20,1,2010,938,75
711,21,1,2010,583,51
712,22,1,2010,483,33
713,23,1,2010,123,23
714,1,2,2010,679,47
715,2,2,2010,44,11
716,3,2,2010,19,13
717,4,2,2010,1819,88
718,5,2,2010,564,54
719,6,2,2010,430,41
720,7,2,2010,189,46
721,8,2,2010,313,66
722,9,2,2010,1050,44
723,10,2,2010,652,33
724,11,2,2010,488,66
725,12,2,2010,267,43
726,13,2,2010,297,49
727,14,2,2010,286,71
728,15,2,2010,2042,86
729,16,2,2010,738,70
730,17,2,2010,554,51
731,18,2,2010,247,87
732,19,2,2010,1778,71
733,20,2,2010,1137,90
734,21,2,2010,621,54
735,22,2,2010,615,42
736,23,2,2010,114,21
737,1,3,2010,721,50
738,2,3,2010,30,8
739,3,3,2010,19,13
740,4,3,2010,1873,91
741,5,3,2010,861,83
742,6,3,2010,474,45
743,7,3,2010,215,52
744,8,3,2010,344,73
745,9,3,2010,1010,43
746,10,3,2010,649,33
747,11,3,2010,489,67
748,12,3,2010,265,43
749,13,3,2010,301,49
750,14,3,2010,333,83
751,15,3,2010,1978,83
752,16,3,2010,597,57
753,17,3,2010,444,41
754,18,3,2010,263,92
755,19,3,2010,1774,70
756,20,3,2010,930,74
757,21,3,2010,399,35
758,22,3,2010,463,32
759,23,3,2010,129,24
760,1,4,2010,813,57
761,2,4,2010,26,7
762,3,4,2010,28,20
763,4,4,2010,1985,97
764,5,4,2010,622,60
765,6,4,2010,451,43
766,7,4,2010,186,45
767,8,4,2010,373,79
768,9,4,2010,1263,53
769,10,4,2010,644,33
770,11,4,2010,500,68
771,12,4,2010,280,45
772,13,4,2010,298,49
773,14,4,2010,312,78
774,15,4,2010,1418,60
775,16,4,2010,540,51
776,17,4,2010,447,41
777,18,4,2010,238,84
778,19,4,2010,1583,63
779,20,4,2010,982,78
780,21,4,2010,408,36
781,22,4,2010,482,33
782,23,4,2010,157,29
783,1,5,2010,735,51
784,2,5,2010,36,9
785,3,5,2010,15,11
786,4,5,2010,1884,92
787,5,5,2010,611,59
788,6,5,2010,461,44
789,7,5,2010,266,65
790,8,5,2010,383,81
791,9,5,2010,1178,50
792,10,5,2010,688,35
793,11,5,2010,389,53
794,12,5,2010,182,29
795,13,5,2010,378,62
796,14,5,2010,282,70
797,15,5,2010,1444,61
798,16,5,2010,481,46
799,17,5,2010,408,37
800,18,5,2010,246,86
801,19,5,2010,1451,58
802,20,5,2010,939,75
803,21,5,2010,523,46
804,22,5,2010,443,30
805,23,5,2010,168,32
806,1,6,2010,726,51
807,2,6,2010,45,12
808,3,6,2010,21,15
809,4,6,2010,1924,94
810,5,6,2010,570,55
811,6,6,2010,481,46
812,7,6,2010,253,61
813,8,6,2010,354,75
814,9,6,2010,981,41
815,10,6,2010,641,33
816,11,6,2010,505,69
817,12,6,2010,223,36
818,13,6,2010,222,36
819,14,6,2010,225,56
820,15,6,2010,1090,46
821,16,6,2010,475,45
822,17,6,2010,439,40
823,18,6,2010,226,79
824,19,6,2010,1468,58
825,20,6,2010,945,75
826,21,6,2010,382,33
827,22,6,2010,451,31
828,23,6,2010,176,33
829,1,7,2010,,
830,2,7,2010,,
831,3,7,2010,,
832,4,7,2010,,
833,5,7,2010,,
834,6,7,2010,,
835,7,7,2010,,
836,8,7,2010,,
837,9,7,2010,,
838,10,7,2010,,
839,11,7,2010,,
840,12,7,2010,,
841,13,7,2010,,
842,14,7,2010,,
843,15,7,2010,,
844,16,7,2010,,
845,17,7,2010,,
846,18,7,2010,,
847,19,7,2010,,
848,20,7,2010,,
849,21,7,2010,,
850,22,7,2010,,
851,23,7,2010,,
852,1,8,2010,,
853,2,8,2010,,
854,3,8,2010,,
855,4,8,2010,,
856,5,8,2010,,
857,6,8,2010,,
858,7,8,2010,,
859,8,8,2010,,
860,9,8,2010,,
861,10,8,2010,,
862,11,8,2010,,
863,12,8,2010,,
864,13,8,2010,,
865,14,8,2010,,
866,15,8,2010,,
867,16,8,2010,,
868,17,8,2010,,
869,18,8,2010,,
870,19,8,2010,,
871,20,8,2010,,
872,21,8,2010,,
873,22,8,2010,,
874,23,8,2010,,
875,1,9,2010,,
876,2,9,2010,,
877,3,9,2010,,
878,4,9,2010,,
879,5,9,2010,,
880,6,9,2010,,
881,7,9,2010,,
882,8,9,2010,,
883,9,9,2010,,
884,10,9,2010,,
885,11,9,2010,,
886,12,9,2010,,
887,13,9,2010,,
888,14,9,2010,,
889,15,9,2010,,
890,16,9,2010,,
891,17,9,2010,,
892,18,9,2010,,
893,19,9,2010,,
894,20,9,2010,,
895,21,9,2010,,
896,22,9,2010,,
897,23,9,2010,,
898,1,10,2010,,
899,2,10,2010,,
900,3,10,2010,,
901,4,10,2010,,
902,5,10,2010,,
903,6,10,2010,,
904,7,10,2010,,
905,8,10,2010,,
906,9,10,2010,,
907,10,10,2010,,
908,11,10,2010,,
909,12,10,2010,,
910,13,10,2010,,
911,14,10,2010,,
912,15,10,2010,,
913,16,10,2010,,
914,17,10,2010,,
915,18,10,2010,,
916,19,10,2010,,
917,20,10,2010,,
918,21,10,2010,,
919,22,10,2010,,
920,23,10,2010,,
921,1,11,2010,,
922,2,11,2010,,
923,3,11,2010,,
924,4,11,2010,,
925,5,11,2010,,
926,6,11,2010,,
927,7,11,2010,,
928,8,11,2010,,
929,9,11,2010,,
930,10,11,2010,,
931,11,11,2010,,
932,12,11,2010,,
933,13,11,2010,,
934,14,11,2010,,
935,15,11,2010,,
936,16,11,2010,,
937,17,11,2010,,
938,18,11,2010,,
939,19,11,2010,,
940,20,11,2010,,
941,21,11,2010,,
942,22,11,2010,,
943,23,11,2010,,
944,1,12,2010,,
945,2,12,2010,,
946,3,12,2010,,
947,4,12,2010,,
948,5,12,2010,,
949,6,12,2010,,
950,7,12,2010,,
951,8,12,2010,,
952,9,12,2010,,
953,10,12,2010,,
954,11,12,2010,,
955,12,12,2010,,
956,13,12,2010,,
957,14,12,2010,,
958,15,12,2010,,
959,16,12,2010,,
960,17,12,2010,,
961,18,12,2010,,
962,19,12,2010,,
963,20,12,2010,,
964,21,12,2010,,
965,22,12,2010,,
966,23,12,2010,,
967,1,1,2011,,
968,2,1,2011,,
969,3,1,2011,,
970,4,1,2011,,
971,5,1,2011,,
972,6,1,2011,,
973,7,1,2011,,
974,8,1,2011,,
975,9,1,2011,,
976,10,1,2011,,
977,11,1,2011,,
978,12,1,2011,,
979,13,1,2011,,
980,14,1,2011,,
981,15,1,2011,,
982,16,1,2011,,
983,17,1,2011,,
984,18,1,2011,,
985,19,1,2011,,
986,20,1,2011,,
987,21,1,2011,,
988,22,1,2011,,
989,23,1,2011,,
990,1,2,2011,,
991,2,2,2011,,
992,3,2,2011,,
993,4,2,2011,,
994,5,2,2011,,
995,6,2,2011,,
996,7,2,2011,,
997,8,2,2011,,
998,9,2,2011,,
999,10,2,2011,,
1000,11,2,2011,,
1001,12,2,2011,,
1002,13,2,2011,,
1003,14,2,2011,,
1004,15,2,2011,,
1005,16,2,2011,,
1006,17,2,2011,,
1007,18,2,2011,,
1008,19,2,2011,,
1009,20,2,2011,,
1010,21,2,2011,,
1011,22,2,2011,,
1012,23,2,2011,,
1013,1,3,2011,,
1014,2,3,2011,,
1015,3,3,2011,,
1016,4,3,2011,,
1017,5,3,2011,,
1018,6,3,2011,,
1019,7,3,2011,,
1020,8,3,2011,,
1021,9,3,2011,,
1022,10,3,2011,,
1023,11,3,2011,,
1024,12,3,2011,,
1025,13,3,2011,,
1026,14,3,2011,,
1027,15,3,2011,,
1028,16,3,2011,,
1029,17,3,2011,,
1030,18,3,2011,,
1031,19,3,2011,,
1032,20,3,2011,,
1033,21,3,2011,,
1034,22,3,2011,,
1035,23,3,2011,,
1036,1,4,2011,,
1037,2,4,2011,,
1038,3,4,2011,,
1039,4,4,2011,,
1040,5,4,2011,,
1041,6,4,2011,,
1042,7,4,2011,,
1043,8,4,2011,,
1044,9,4,2011,,
1045,10,4,2011,,
1046,11,4,2011,,
1047,12,4,2011,,
1048,13,4,2011,,
1049,14,4,2011,,
1050,15,4,2011,,
1051,16,4,2011,,
1052,17,4,2011,,
1053,18,4,2011,,
1054,19,4,2011,,
1055,20,4,2011,,
1056,21,4,2011,,
1057,22,4,2011,,
1058,23,4,2011,,
1059,1,5,2011,,
1060,2,5,2011,,
1061,3,5,2011,,
1062,4,5,2011,,
1063,5,5,2011,,
1064,6,5,2011,,
1065,7,5,2011,,
1066,8,5,2011,,
1067,9,5,2011,,
1068,10,5,2011,,
1069,11,5,2011,,
1070,12,5,2011,,
1071,13,5,2011,,
1072,14,5,2011,,
1073,15,5,2011,,
1074,16,5,2011,,
1075,17,5,2011,,
1076,18,5,2011,,
1077,19,5,2011,,
1078,20,5,2011,,
1079,21,5,2011,,
1080,22,5,2011,,
1081,23,5,2011,,
1082,1,6,2011,517,36
1083,2,6,2011,36,9
1084,3,6,2011,31,22
1085,4,6,2011,2018,98
1086,5,6,2011,790,76
1087,6,6,2011,392,37
1088,7,6,2011,215,52
1089,8,6,2011,329,70
1090,9,6,2011,907,38
1091,10,6,2011,670,34
1092,11,6,2011,432,59
1093,12,6,2011,197,32
1094,13,6,2011,379,62
1095,14,6,2011,279,70
1096,15,6,2011,1589,67
1097,16,6,2011,578,55
1098,17,6,2011,620,57
1099,18,6,2011,250,88
1100,19,6,2011,1731,69
1101,20,6,2011,979,78
1102,21,6,2011,591,51
1103,22,6,2011,567,39
1104,23,6,2011,185,35
1105,1,7,2011,469,33
1106,2,7,2011,26,7
1107,3,7,2011,20,14
1108,4,7,2011,1933,94
1109,5,7,2011,917,89
1110,6,7,2011,402,38
1111,7,7,2011,225,55
1112,8,7,2011,332,70
1113,9,7,2011,992,42
1114,10,7,2011,754,38
1115,11,7,2011,424,58
1116,12,7,2011,138,22
1117,13,7,2011,216,35
1118,14,7,2011,332,83
1119,15,7,2011,1957,82
1120,16,7,2011,612,58
1121,17,7,2011,490,45
1122,18,7,2011,233,82
1123,19,7,2011,1140,45
1124,20,7,2011,836,67
1125,21,7,2011,582,51
1126,22,7,2011,549,38
1127,23,7,2011,172,32
1128,1,8,2011,679,47
1129,2,8,2011,27,7
1130,3,8,2011,27,19
1131,4,8,2011,2047,100
1132,5,8,2011,390,38
1133,6,8,2011,389,37
1134,7,8,2011,143,35
1135,8,8,2011,342,72
1136,9,8,2011,1139,48
1137,10,8,2011,578,29
1138,11,8,2011,462,63
1139,12,8,2011,240,39
1140,13,8,2011,335,55
1141,14,8,2011,300,75
1142,15,8,2011,1949,82
1143,16,8,2011,516,49
1144,17,8,2011,394,36
1145,18,8,2011,241,85
1146,19,8,2011,1782,71
1147,20,8,2011,978,78
1148,21,8,2011,553,48
1149,22,8,2011,489,33
1150,23,8,2011,136,26
1151,1,9,2011,468,33
1152,2,9,2011,32,8
1153,3,9,2011,18,13
1154,4,9,2011,2015,98
1155,5,9,2011,824,80
1156,6,9,2011,381,36
1157,7,9,2011,169,41
1158,8,9,2011,357,76
1159,9,9,2011,1236,52
1160,10,9,2011,752,38
1161,11,9,2011,496,68
1162,12,9,2011,218,35
1163,13,9,2011,264,43
1164,14,9,2011,321,80
1165,15,9,2011,1375,58
1166,16,9,2011,557,53
1167,17,9,2011,463,42
1168,18,9,2011,215,75
1169,19,9,2011,1193,47
1170,20,9,2011,1091,87
1171,21,9,2011,739,64
1172,22,9,2011,552,38
1173,23,9,2011,127,24
1174,1,10,2011,720,50
1175,2,10,2011,23,6
1176,3,10,2011,40,28
1177,4,10,2011,1979,96
1178,5,10,2011,476,46
1179,6,10,2011,358,34
1180,7,10,2011,196,48
1181,8,10,2011,332,70
1182,9,10,2011,1177,50
1183,10,10,2011,765,39
1184,11,10,2011,463,63
1185,12,10,2011,242,39
1186,13,10,2011,316,52
1187,14,10,2011,289,72
1188,15,10,2011,1330,56
1189,16,10,2011,519,49
1190,17,10,2011,496,45
1191,18,10,2011,236,83
1192,19,10,2011,1148,46
1193,20,10,2011,1055,84
1194,21,10,2011,546,48
1195,22,10,2011,498,34
1196,23,10,2011,135,25
1197,1,11,2011,,
1198,2,11,2011,,
1199,3,11,2011,,
1200,4,11,2011,,
1201,5,11,2011,,
1202,6,11,2011,,
1203,7,11,2011,,
1204,8,11,2011,,
1205,9,11,2011,,
1206,10,11,2011,,
1207,11,11,2011,,
1208,12,11,2011,,
1209,13,11,2011,,
1210,14,11,2011,,
1211,15,11,2011,,
1212,16,11,2011,,
1213,17,11,2011,,
1214,18,11,2011,,
1215,19,11,2011,,
1216,20,11,2011,,
1217,21,11,2011,,
1218,22,11,2011,,
1219,23,11,2011,,
1220,1,12,2011,,
1221,2,12,2011,,
1222,3,12,2011,,
1223,4,12,2011,,
1224,5,12,2011,,
1225,6,12,2011,,
1226,7,12,2011,,
1227,8,12,2011,,
1228,9,12,2011,,
1229,10,12,2011,,
1230,11,12,2011,,
1231,12,12,2011,,
1232,13,12,2011,,
1233,14,12,2011,,
1234,15,12,2011,,
1235,16,12,2011,,
1236,17,12,2011,,
1237,18,12,2011,,
1238,19,12,2011,,
1239,20,12,2011,,
1240,21,12,2011,,
1241,22,12,2011,,
1242,23,12,2011,,
1243,1,1,2012,,
1244,2,1,2012,,
1245,3,1,2012,,
1246,4,1,2012,,
1247,5,1,2012,,
1248,6,1,2012,,
1249,7,1,2012,,
1250,8,1,2012,,
1251,9,1,2012,,
1252,10,1,2012,,
1253,11,1,2012,,
1254,12,1,2012,,
1255,13,1,2012,,
1256,14,1,2012,,
1257,15,1,2012,,
1258,16,1,2012,,
1259,17,1,2012,,
1260,18,1,2012,,
1261,19,1,2012,,
1262,20,1,2012,,
1263,21,1,2012,,
1264,22,1,2012,,
1265,23,1,2012,,
1266,1,2,2012,316,22
1267,2,2,2012,35,9
1268,3,2,2012,11,8
1269,4,2,2012,1709,83
1270,5,2,2012,721,70
1271,6,2,2012,362,35
1272,7,2,2012,165,40
1273,8,2,2012,286,61
1274,9,2,2012,1013,43
1275,10,2,2012,506,26
1276,11,2,2012,409,56
1277,12,2,2012,238,38
1278,13,2,2012,230,38
1279,14,2,2012,221,55
1280,15,2,2012,1952,82
1281,16,2,2012,423,40
1282,17,2,2012,382,35
1283,18,2,2012,207,73
1284,19,2,2012,1033,41
1285,20,2,2012,813,65
1286,21,2,2012,458,40
1287,22,2,2012,398,27
1288,23,2,2012,88,17
1289,1,3,2012,422,29
1290,2,3,2012,30,8
1291,3,3,2012,12,8
1292,4,3,2012,1269,62
1293,5,3,2012,686,66
1294,6,3,2012,253,24
1295,7,3,2012,169,41
1296,8,3,2012,324,69
1297,9,3,2012,1101,47
1298,10,3,2012,595,30
1299,11,3,2012,355,48
1300,12,3,2012,195,31
1301,13,3,2012,235,38
1302,14,3,2012,238,59
1303,15,3,2012,2109,89
1304,16,3,2012,428,41
1305,17,3,2012,330,30
1306,18,3,2012,240,84
1307,19,3,2012,978,39
1308,20,3,2012,996,79
1309,21,3,2012,625,54
1310,22,3,2012,594,41
1311,23,3,2012,163,31
1312,1,4,2012,358,25
1313,2,4,2012,43,11
1314,3,4,2012,17,12
1315,4,4,2012,1252,61
1316,5,4,2012,773,75
1317,6,4,2012,340,32
1318,7,4,2012,154,37
1319,8,4,2012,356,75
1320,9,4,2012,916,39
1321,10,4,2012,472,24
1322,11,4,2012,419,57
1323,12,4,2012,208,33
1324,13,4,2012,222,36
1325,14,4,2012,167,42
1326,15,4,2012,1778,75
1327,16,4,2012,671,64
1328,17,4,2012,336,31
1329,18,4,2012,140,49
1330,19,4,2012,849,34
1331,20,4,2012,1167,93
1332,21,4,2012,607,53
1333,22,4,2012,513,35
1334,23,4,2012,129,24
1335,1,5,2012,440,31
1336,2,5,2012,27,7
1337,3,5,2012,19,13
1338,4,5,2012,1830,89
1339,5,5,2012,768,74
1340,6,5,2012,327,31
1341,7,5,2012,200,49
1342,8,5,2012,347,74
1343,9,5,2012,1090,46
1344,10,5,2012,442,23
1345,11,5,2012,374,51
1346,12,5,2012,154,25
1347,13,5,2012,200,33
1348,14,5,2012,162,40
1349,15,5,2012,1879,79
1350,16,5,2012,463,44
1351,17,5,2012,383,35
1352,18,5,2012,160,56
1353,19,5,2012,866,34
1354,20,5,2012,862,69
1355,21,5,2012,513,45
1356,22,5,2012,381,26
1357,23,5,2012,105,20
1358,1,6,2012,436,30
1359,2,6,2012,23,6
1360,3,6,2012,9,6
1361,4,6,2012,1755,85
1362,5,6,2012,593,57
1363,6,6,2012,273,26
1364,7,6,2012,182,44
1365,8,6,2012,360,76
1366,9,6,2012,944,40
1367,10,6,2012,540,28
1368,11,6,2012,413,56
1369,12,6,2012,156,25
1370,13,6,2012,221,36
1371,14,6,2012,168,42
1372,15,6,2012,1501,63
1373,16,6,2012,473,45
1374,17,6,2012,410,38
1375,18,6,2012,142,50
1376,19,6,2012,990,39
1377,20,6,2012,958,76
1378,21,6,2012,557,48
1379,22,6,2012,490,34
1380,23,6,2012,119,22
1381,1,7,2012,490,34
1382,2,7,2012,43,11
1383,3,7,2012,14,10
1384,4,7,2012,1707,83
1385,5,7,2012,469,45
1386,6,7,2012,329,31
1387,7,7,2012,197,48
1388,8,7,2012,333,71
1389,9,7,2012,912,39
1390,10,7,2012,502,26
1391,11,7,2012,380,52
1392,12,7,2012,178,29
1393,13,7,2012,203,33
1394,14,7,2012,182,45
1395,15,7,2012,1604,67
1396,16,7,2012,520,50
1397,17,7,2012,460,42
1398,18,7,2012,148,52
1399,19,7,2012,1108,44
1400,20,7,2012,797,63
1401,21,7,2012,590,51
1402,22,7,2012,474,32
1403,23,7,2012,136,26
1404,1,8,2012,418,29
1405,2,8,2012,32,8
1406,3,8,2012,17,12
1407,4,8,2012,1776,86
1408,5,8,2012,394,38
1409,6,8,2012,356,34
1410,7,8,2012,155,38
1411,8,8,2012,315,67
1412,9,8,2012,990,42
1413,10,8,2012,536,27
1414,11,8,2012,420,57
1415,12,8,2012,204,33
1416,13,8,2012,222,36
1417,14,8,2012,223,56
1418,15,8,2012,1557,65
1419,16,8,2012,542,52
1420,17,8,2012,362,33
1421,18,8,2012,131,46
1422,19,8,2012,882,35
1423,20,8,2012,1013,81
1424,21,8,2012,479,42
1425,22,8,2012,457,31
1426,23,8,2012,164,31
1427,1,9,2012,444,31
1428,2,9,2012,25,6
1429,3,9,2012,14,10
1430,4,9,2012,1728,84
1431,5,9,2012,401,39
1432,6,9,2012,336,32
1433,7,9,2012,199,48
1434,8,9,2012,288,61
1435,9,9,2012,937,40
1436,10,9,2012,618,31
1437,11,9,2012,391,53
1438,12,9,2012,197,32
1439,13,9,2012,234,38
1440,14,9,2012,180,45
1441,15,9,2012,1293,54
1442,16,9,2012,488,46
1443,17,9,2012,554,51
1444,18,9,2012,174,61
1445,19,9,2012,963,38
1446,20,9,2012,1125,89
1447,21,9,2012,516,45
1448,22,9,2012,490,34
1449,23,9,2012,141,26
1450,1,10,2012,428,30
1451,2,10,2012,27,7
1452,3,10,2012,15,11
1453,4,10,2012,1772,86
1454,5,10,2012,488,47
1455,6,10,2012,354,34
1456,7,10,2012,175,42
1457,8,10,2012,319,68
1458,9,10,2012,939,40
1459,10,10,2012,459,23
1460,11,10,2012,412,56
1461,12,10,2012,212,34
1462,13,10,2012,261,43
1463,14,10,2012,208,52
1464,15,10,2012,1771,74
1465,16,10,2012,509,48
1466,17,10,2012,441,40
1467,18,10,2012,193,68
1468,19,10,2012,1071,43
1469,20,10,2012,1123,89
1470,21,10,2012,611,53
1471,22,10,2012,487,33
1472,23,10,2012,124,23
1473,1,11,2012,494,34
1474,2,11,2012,39,10
1475,3,11,2012,14,10
1476,4,11,2012,1712,83
1477,5,11,2012,592,57
1478,6,11,2012,230,22
1479,7,11,2012,123,30
1480,8,11,2012,253,54
1481,9,11,2012,956,40
1482,10,11,2012,471,24
1483,11,11,2012,443,60
1484,12,11,2012,210,34
1485,13,11,2012,234,38
1486,14,11,2012,209,52
1487,15,11,2012,1656,70
1488,16,11,2012,540,51
1489,17,11,2012,419,38
1490,18,11,2012,200,70
1491,19,11,2012,915,36
1492,20,11,2012,744,59
1493,21,11,2012,515,45
1494,22,11,2012,382,26
1495,23,11,2012,134,25
1496,1,12,2012,345,24
1497,2,12,2012,32,8
1498,3,12,2012,16,11
1499,4,12,2012,1759,86
1500,5,12,2012,681,66
1501,6,12,2012,366,35
1502,7,12,2012,111,27
1503,8,12,2012,312,66
1504,9,12,2012,791,33
1505,10,12,2012,356,18
1506,11,12,2012,393,54
1507,12,12,2012,199,32
1508,13,12,2012,196,32
1509,14,12,2012,185,46
1510,15,12,2012,1532,64
1511,16,12,2012,570,54
1512,17,12,2012,420,38
1513,18,12,2012,136,48
1514,19,12,2012,851,34
1515,20,12,2012,814,65
1516,21,12,2012,471,41
1517,22,12,2012,430,29
1518,23,12,2012,129,24
1519,1,1,2013,380,26
1520,2,1,2013,34,9
1521,3,1,2013,8,6
1522,4,1,2013,1609,78
1523,5,1,2013,506,49
1524,6,1,2013,310,30
1525,7,1,2013,151,37
1526,8,1,2013,271,57
1527,9,1,2013,977,41
1528,10,1,2013,457,23
1529,11,1,2013,405,55
1530,12,1,2013,214,34
1531,13,1,2013,237,39
1532,14,1,2013,197,49
1533,15,1,2013,1454,61
1534,16,1,2013,489,47
1535,17,1,2013,483,44
1536,18,1,2013,258,91
1537,19,1,2013,914,36
1538,20,1,2013,1068,85
1539,21,1,2013,601,52
1540,22,1,2013,507,35
1541,23,1,2013,135,25
1542,1,2,2013,318,22
1543,2,2,2013,31,8
1544,3,2,2013,17,12
1545,4,2,2013,1684,82
1546,5,2,2013,449,45
1547,6,2,2013,312,30
1548,7,2,2013,175,40
1549,8,2,2013,319,68
1550,9,2,2013,924,39
1551,10,2,2013,533,27
1552,11,2,2013,413,56
1553,12,2,2013,182,29
1554,13,2,2013,256,42
1555,14,2,2013,198,49
1556,15,2,2013,1285,54
1557,16,2,2013,520,50
1558,17,2,2013,401,37
1559,18,2,2013,169,59
1560,19,2,2013,919,36
1561,20,2,2013,1007,80
1562,21,2,2013,549,48
1563,22,2,2013,460,32
1564,23,2,2013,140,26
1565,1,3,2013,437,30
1566,2,3,2013,26,7
1567,3,3,2013,12,8
1568,4,3,2013,1806,88
1569,5,3,2013,536,52
1570,6,3,2013,299,29
1571,7,3,2013,151,37
1572,8,3,2013,306,65
1573,9,3,2013,951,40
1574,10,3,2013,472,24
1575,11,3,2013,323,44
1576,12,3,2013,173,28
1577,13,3,2013,232,38
1578,14,3,2013,155,39
1579,15,3,2013,1403,59
1580,16,3,2013,479,46
1581,17,3,2013,412,38
1582,18,3,2013,141,49
1583,19,3,2013,1030,41
1584,20,3,2013,931,74
1585,21,3,2013,529,46
1586,22,3,2013,517,35
1587,23,3,2013,153,29
1588,1,4,2013,439,31
1589,2,4,2013,27,7
1590,3,4,2013,16,11
1591,4,4,2013,1750,85
1592,5,4,2013,466,45
1593,6,4,2013,318,30
1594,7,4,2013,139,34
1595,8,4,2013,286,61
1596,9,4,2013,933,39
1597,10,4,2013,520,27
1598,11,4,2013,389,53
1599,12,4,2013,151,24
1600,13,4,2013,212,35
1601,14,4,2013,187,47
1602,15,4,2013,1329,56
1603,16,4,2013,520,50
1604,17,4,2013,380,35
1605,18,4,2013,182,64
1606,19,4,2013,921,37
1607,20,4,2013,1160,92
1608,21,4,2013,641,56
1609,22,4,2013,515,35
1610,23,4,2013,154,29
1611,1,5,2013,411,29
1612,2,5,2013,36,9
1613,3,5,2013,10,7
1614,4,5,2013,1730,84
1615,5,5,2013,407,39
1616,6,5,2013,289,28
1617,7,5,2013,149,36
1618,8,5,2013,272,58
1619,9,5,2013,835,35
1620,10,5,2013,620,32
1621,11,5,2013,282,38
1622,12,5,2013,138,22
1623,13,5,2013,163,27
1624,14,5,2013,143,36
1625,15,5,2013,1335,56
1626,16,5,2013,450,43
1627,17,5,2013,316,29
1628,18,5,2013,241,85
1629,19,5,2013,872,35
1630,20,5,2013,840,67
1631,21,5,2013,465,40
1632,22,5,2013,453,31
1633,23,5,2013,121,23
1634,1,6,2013,410,29
1635,2,6,2013,33,8
1636,3,6,2013,18,13
1637,4,6,2013,1778,86
1638,5,6,2013,454,44
1639,6,6,2013,366,35
1640,7,6,2013,179,43
1641,8,6,2013,321,68
1642,9,6,2013,926,39
1643,10,6,2013,494,25
1644,11,6,2013,374,51
1645,12,6,2013,160,26
1646,13,6,2013,161,26
1647,14,6,2013,169,42
1648,15,6,2013,1065,45
1649,16,6,2013,492,47
1650,17,6,2013,409,37
1651,18,6,2013,165,58
1652,19,6,2013,1055,42
1653,20,6,2013,1022,81
1654,21,6,2013,534,46
1655,22,6,2013,472,32
1656,23,6,2013,139,26
1657,1,7,2013,438,31
1658,2,7,2013,27,7
1659,3,7,2013,23,16
1660,4,7,2013,1716,83
1661,5,7,2013,508,49
1662,6,7,2013,359,34
1663,7,7,2013,108,26
1664,8,7,2013,311,66
1665,9,7,2013,928,39
1666,10,7,2013,443,23
1667,11,7,2013,347,47
1668,12,7,2013,161,26
1669,13,7,2013,194,32
1670,14,7,2013,167,42
1671,15,7,2013,1359,57
1672,16,7,2013,619,59
1673,17,7,2013,563,52
1674,18,7,2013,151,53
1675,19,7,2013,920,37
1676,20,7,2013,902,72
1677,21,7,2013,535,47
1678,22,7,2013,621,43
1679,23,7,2013,123,23
1680,1,8,2013,408,28
1681,2,8,2013,27,7
1682,3,8,2013,10,7
1683,4,8,2013,1731,84
1684,5,8,2013,567,55
1685,6,8,2013,247,24
1686,7,8,2013,190,46
1687,8,8,2013,362,77
1688,9,8,2013,1012,43
1689,10,8,2013,537,27
1690,11,8,2013,400,54
1691,12,8,2013,209,34
1692,13,8,2013,224,37
1693,14,8,2013,166,41
1694,15,8,2013,1232,52
1695,16,8,2013,456,43
1696,17,8,2013,527,48
1697,18,8,2013,150,53
1698,19,8,2013,802,32
1699,20,8,2013,796,63
1700,21,8,2013,534,46
1701,22,8,2013,469,32
1702,23,8,2013,132,25
1703,1,9,2013,470,33
1704,2,9,2013,26,7
1705,3,9,2013,17,12
1706,4,9,2013,1820,89
1707,5,9,2013,564,54
1708,6,9,2013,391,37
1709,7,9,2013,180,44
1710,8,9,2013,393,83
1711,9,9,2013,1019,43
1712,10,9,2013,584,30
1713,11,9,2013,399,54
1714,12,9,2013,196,32
1715,13,9,2013,263,43
1716,14,9,2013,179,45
1717,15,9,2013,1553,65
1718,16,9,2013,501,48
1719,17,9,2013,434,40
1720,18,9,2013,161,56
1721,19,9,2013,927,37
1722,20,9,2013,1059,84
1723,21,9,2013,668,58
1724,22,9,2013,507,35
1725,23,9,2013,163,31
1726,1,10,2013,505,35
1727,2,10,2013,32,8
1728,3,10,2013,20,14
1729,4,10,2013,1809,88
1730,5,10,2013,566,55
1731,6,10,2013,364,35
1732,7,10,2013,189,46
1733,8,10,2013,339,72
1734,9,10,2013,1004,42
1735,10,10,2013,532,27
1736,11,10,2013,391,53
1737,12,10,2013,173,28
1738,13,10,2013,264,43
1739,14,10,2013,192,48
1740,15,10,2013,1383,58
1741,16,10,2013,472,45
1742,17,10,2013,400,37
1743,18,10,2013,160,56
1744,19,10,2013,934,37
1745,20,10,2013,958,76
1746,21,10,2013,602,52
1747,22,10,2013,453,31
1748,23,10,2013,146,27
1749,1,11,2013,453,32
1750,2,11,2013,23,6
1751,3,11,2013,22,15
1752,4,11,2013,1772,86
1753,5,11,2013,552,53
1754,6,11,2013,388,37
1755,7,11,2013,147,36
1756,8,11,2013,375,79
1757,9,11,2013,753,32
1758,10,11,2013,383,20
1759,11,11,2013,310,42
1760,12,11,2013,119,19
1761,13,11,2013,166,27
1762,14,11,2013,121,30
1763,15,11,2013,1718,72
1764,16,11,2013,483,46
1765,17,11,2013,407,37
1766,18,11,2013,168,59
1767,19,11,2013,930,37
1768,20,11,2013,1007,80
1769,21,11,2013,577,50
1770,22,11,2013,489,33
1771,23,11,2013,159,30
1772,1,12,2013,388,27
1773,2,12,2013,21,5
1774,3,12,2013,18,13
1775,4,12,2013,1683,82
1776,5,12,2013,434,42
1777,6,12,2013,334,32
1778,7,12,2013,152,37
1779,8,12,2013,361,76
1780,9,12,2013,846,36
1781,10,12,2013,399,20
1782,11,12,2013,301,41
1783,12,12,2013,132,21
1784,13,12,2013,223,36
1785,14,12,2013,168,42
1786,15,12,2013,1347,57
1787,16,12,2013,407,39
1788,17,12,2013,377,35
1789,18,12,2013,126,44
1790,19,12,2013,798,32
1791,20,12,2013,879,70
1792,21,12,2013,494,43
1793,22,12,2013,451,31
1794,23,12,2013,116,22
1795,1,1,2014,459,32
1796,2,1,2014,28,7
1797,3,1,2014,14,10
1798,4,1,2014,1224,60
1799,5,1,2014,632,61
1800,6,1,2014,301,29
1801,7,1,2014,126,31
1802,8,1,2014,311,66
1803,9,1,2014,,
1804,10,1,2014,,
1805,11,1,2014,,
1806,12,1,2014,,
1807,13,1,2014,,
1808,14,1,2014,,
1809,15,1,2014,1739,73
1810,16,1,2014,559,53
1811,17,1,2014,362,33
1812,18,1,2014,133,47
1813,19,1,2014,1073,43
1814,20,1,2014,912,73
1815,21,1,2014,486,42
1816,22,1,2014,476,33
1817,23,1,2014,134,25
1818,1,2,2014,,
1819,2,2,2014,,
1820,3,2,2014,,
1821,4,2,2014,1749,85
1822,5,2,2014,536,52
1823,6,2,2014,363,35
1824,7,2,2014,145,35
1825,8,2,2014,300,64
1826,9,2,2014,1029,44
1827,10,2,2014,458,23
1828,11,2,2014,394,54
1829,12,2,2014,188,30
1830,13,2,2014,266,44
1831,14,2,2014,197,49
1832,15,2,2014,1684,71
1833,16,2,2014,644,61
1834,17,2,2014,397,36
1835,18,2,2014,153,54
1836,19,2,2014,826,33
1837,20,2,2014,,
1838,21,2,2014,,
1839,22,2,2014,,
1840,23,2,2014,,
1841,1,3,2014,475,33
1842,2,3,2014,21,5
1843,3,3,2014,1,1
1844,4,3,2014,1749,85
1845,5,3,2014,569,55
1846,6,3,2014,374,36
1847,7,3,2014,163,40
1848,8,3,2014,372,79
1849,9,3,2014,959,41
1850,10,3,2014,478,24
1851,11,3,2014,388,53
1852,12,3,2014,177,29
1853,13,3,2014,233,38
1854,14,3,2014,179,45
1855,15,3,2014,1622,68
1856,16,3,2014,532,51
1857,17,3,2014,402,37
1858,18,3,2014,147,52
1859,19,3,2014,892,35
1860,20,3,2014,962,77
1861,21,3,2014,385,34
1862,22,3,2014,509,35
1863,23,3,2014,141,26
1864,1,4,2014,426,30
1865,2,4,2014,28,7
1866,3,4,2014,6,4
1867,4,4,2014,1726,84
1868,5,4,2014,561,54
1869,6,4,2014,393,38
1870,7,4,2014,159,39
1871,8,4,2014,360,76
1872,9,4,2014,959,41
1873,10,4,2014,546,28
1874,11,4,2014,381,52
1875,12,4,2014,199,32
1876,13,4,2014,232,38
1877,14,4,2014,186,46
1878,15,4,2014,1527,64
1879,16,4,2014,508,48
1880,17,4,2014,375,34
1881,18,4,2014,145,51
1882,19,4,2014,771,31
1883,20,4,2014,910,72
1884,21,4,2014,508,44
1885,22,4,2014,484,33
1886,23,4,2014,143,27
1887,1,5,2014,467,33
1888,2,5,2014,26,7
1889,3,5,2014,8,6
1890,4,5,2014,1811,88
1891,5,5,2014,578,56
1892,6,5,2014,358,34
1893,7,5,2014,161,39
1894,8,5,2014,371,79
1895,9,5,2014,931,39
1896,10,5,2014,414,21
1897,11,5,2014,308,42
1898,12,5,2014,185,30
1899,13,5,2014,215,35
1900,14,5,2014,167,42
1901,15,5,2014,1438,60
1902,16,5,2014,515,49
1903,17,5,2014,372,34
1904,18,5,2014,112,39
1905,19,5,2014,738,29
1906,20,5,2014,893,71
1907,21,5,2014,499,43
1908,22,5,2014,483,33
1909,23,5,2014,158,30
1910,1,6,2014,511,36
1911,2,6,2014,29,7
1912,3,6,2014,16,11
1913,4,6,2014,1834,89
1914,5,6,2014,678,65
1915,6,6,2014,379,36
1916,7,6,2014,150,36
1917,8,6,2014,405,86
1918,9,6,2014,949,40
1919,10,6,2014,593,30
1920,11,6,2014,396,54
1921,12,6,2014,212,34
1922,13,6,2014,241,39
1923,14,6,2014,175,44
1924,15,6,2014,1393,59
1925,16,6,2014,560,53
1926,17,6,2014,402,37
1927,18,6,2014,145,51
1928,19,6,2014,780,31
1929,20,6,2014,959,76
1930,21,6,2014,605,53
1931,22,6,2014,503,34
1932,23,6,2014,144,27
1933,1,7,2014,452,31
1934,2,7,2014,33,8
1935,3,7,2014,15,11
1936,4,7,2014,1761,86
1937,5,7,2014,672,65
1938,6,7,2014,375,36
1939,7,7,2014,202,49
1940,8,7,2014,363,77
1941,9,7,2014,955,40
1942,10,7,2014,568,29
1943,11,7,2014,425,58
1944,12,7,2014,203,33
1945,13,7,2014,233,38
1946,14,7,2014,168,42
1947,15,7,2014,1644,69
1948,16,7,2014,619,59
1949,17,7,2014,401,37
1950,18,7,2014,162,57
1951,19,7,2014,986,39
1952,20,7,2014,935,74
1953,21,7,2014,517,45
1954,22,7,2014,470,32
1955,23,7,2014,149,28
1956,1,8,2014,518,36
1957,2,8,2014,37,9
1958,3,8,2014,15,11
1959,4,8,2014,1829,89
1960,5,8,2014,583,56
1961,6,8,2014,402,38
1962,7,8,2014,188,46
1963,8,8,2014,382,81
1964,9,8,2014,962,41
1965,10,8,2014,474,24
1966,11,8,2014,362,49
1967,12,8,2014,185,30
1968,13,8,2014,232,38
1969,14,8,2014,183,46
1970,15,8,2014,1384,58
1971,16,8,2014,554,53
1972,17,8,2014,405,37
1973,18,8,2014,128,45
1974,19,8,2014,888,35
1975,20,8,2014,878,70
1976,21,8,2014,477,42
1977,22,8,2014,473,32
1978,23,8,2014,150,28
1979,1,9,2014,556,39
1980,2,9,2014,26,7
1981,3,9,2014,9,6
1982,4,9,2014,2052,100
1983,5,9,2014,560,54
1984,6,9,2014,474,45
1985,7,9,2014,226,55
1986,8,9,2014,447,95
1987,9,9,2014,1173,50
1988,10,9,2014,615,31
1989,11,9,2014,423,58
1990,12,9,2014,244,39
1991,13,9,2014,286,47
1992,14,9,2014,189,47
1993,15,9,2014,1494,63
1994,16,9,2014,557,53
1995,17,9,2014,365,33
1996,18,9,2014,164,58
1997,19,9,2014,842,33
1998,20,9,2014,1150,91
1999,21,9,2014,566,49
2000,22,9,2014,438,30
2001,23,9,2014,165,31
2002,1,10,2014,480,33
2003,2,10,2014,40,10
2004,3,10,2014,14,10
2005,4,10,2014,1806,88
2006,5,10,2014,725,70
2007,6,10,2014,470,45
2008,7,10,2014,194,47
2009,8,10,2014,398,84
2010,9,10,2014,1192,50
2011,10,10,2014,595,30
2012,11,10,2014,379,52
2013,12,10,2014,272,44
2014,13,10,2014,258,42
2015,14,10,2014,204,51
2016,15,10,2014,1106,47
2017,16,10,2014,576,55
2018,17,10,2014,495,45
2019,18,10,2014,240,84
2020,19,10,2014,1127,45
2021,20,10,2014,1078,86
2022,21,10,2014,637,55
2023,22,10,2014,550,38
2024,23,10,2014,169,32
2025,1,11,2014,452,31
2026,2,11,2014,29,7
2027,3,11,2014,20,14
2028,4,11,2014,2053,100
2029,5,11,2014,671,65
2030,6,11,2014,423,40
2031,7,11,2014,173,42
2032,8,11,2014,376,80
2033,9,11,2014,1180,50
2034,10,11,2014,513,26
2035,11,11,2014,440,60
2036,12,11,2014,256,41
2037,13,11,2014,245,40
2038,14,11,2014,246,61
2039,15,11,2014,1881,79
2040,16,11,2014,567,54
2041,17,11,2014,372,34
2042,18,11,2014,132,46
2043,19,11,2014,832,33
2044,20,11,2014,1098,87
2045,21,11,2014,620,54
2046,22,11,2014,584,40
2047,23,11,2014,175,33
2048,1,12,2014,615,43
2049,2,12,2014,30,8
2050,3,12,2014,17,12
2051,4,12,2014,2029,99
2052,5,12,2014,864,83
2053,6,12,2014,342,33
2054,7,12,2014,153,37
2055,8,12,2014,422,89
2056,9,12,2014,942,40
2057,10,12,2014,438,22
2058,11,12,2014,339,46
2059,12,12,2014,189,30
2060,13,12,2014,246,40
2061,14,12,2014,201,50
2062,15,12,2014,1863,78
2063,16,12,2014,601,57
2064,17,12,2014,402,37
2065,18,12,2014,153,54
2066,19,12,2014,949,38
2067,20,12,2014,957,49
2068,21,12,2014,574,50
2069,22,12,2014,501,34
2070,23,12,2014,152,29
2071,1,1,2015,740,52
2072,2,1,2015,36,9
2073,3,1,2015,0,0
2074,4,1,2015,1981,96
2075,5,1,2015,576,56
2076,6,1,2015,378,36
2077,7,1,2015,154,37
2078,8,1,2015,445,94
2079,9,1,2015,963,41
2080,10,1,2015,534,27
2081,11,1,2015,394,54
2082,12,1,2015,183,29
2083,13,1,2015,358,59
2084,14,1,2015,211,53
2085,15,1,2015,1740,73
2086,16,1,2015,640,61
2087,17,1,2015,464,43
2088,18,1,2015,151,53
2089,19,1,2015,938,37
2090,20,1,2015,989,79
2091,21,1,2015,641,56
2092,22,1,2015,496,34
2093,23,1,2015,143,27
2094,1,2,2015,485,34
2095,2,2,2015,15,4
2096,3,2,2015,0,0
2097,4,2,2015,1764,86
2098,5,2,2015,456,44
2099,6,2,2015,377,36
2100,7,2,2015,160,39
2101,8,2,2015,382,81
2102,9,2,2015,952,40
2103,10,2,2015,315,16
2104,11,2,2015,198,27
2105,12,2,2015,112,18
2106,13,2,2015,120,20
2107,14,2,2015,116,29
2108,15,2,2015,1761,74
2109,16,2,2015,695,66
2110,17,2,2015,450,41
2111,18,2,2015,134,47
2112,19,2,2015,988,39
2113,20,2,2015,1078,86
2114,21,2,2015,646,56
2115,22,2,2015,443,30
2116,23,2,2015,139,26
2117,1,3,2015,573,40
2118,2,3,2015,40,10
2119,3,3,2015,2,1
2120,4,3,2015,1817,88
2121,5,3,2015,747,72
2122,6,3,2015,391,37
2123,7,3,2015,144,35
2124,8,3,2015,438,93
2125,9,3,2015,971,41
2126,10,3,2015,550,28
2127,11,3,2015,458,62
2128,12,3,2015,174,28
2129,13,3,2015,286,47
2130,14,3,2015,188,47
2131,15,3,2015,2011,85
2132,16,3,2015,658,63
2133,17,3,2015,383,35
2134,18,3,2015,142,50
2135,19,3,2015,910,36
2136,20,3,2015,954,76
2137,21,3,2015,558,49
2138,22,3,2015,529,36
2139,23,3,2015,114,21
2140,1,4,2015,489,34
2141,2,4,2015,38,10
2142,3,4,2015,4,3
2143,4,4,2015,1821,89
2144,5,4,2015,982,95
2145,6,4,2015,412,39
2146,7,4,2015,170,41
2147,8,4,2015,369,78
2148,9,4,2015,853,36
2149,10,4,2015,486,25
2150,11,4,2015,418,57
2151,12,4,2015,182,29
2152,13,4,2015,234,38
2153,14,4,2015,183,46
2154,15,4,2015,2074,87
2155,16,4,2015,708,67
2156,17,4,2015,371,34
2157,18,4,2015,139,49
2158,19,4,2015,817,32
2159,20,4,2015,960,76
2160,21,4,2015,534,46
2161,22,4,2015,507,35
2162,23,4,2015,115,22
2163,1,5,2015,461,32
2164,2,5,2015,23,6
2165,3,5,2015,6,4
2166,4,5,2015,1830,89
2167,5,5,2015,862,83
2168,6,5,2015,432,41
2169,7,5,2015,196,48
2170,8,5,2015,378,80
2171,9,5,2015,856,36
2172,10,5,2015,404,21
2173,11,5,2015,358,49
2174,12,5,2015,191,31
2175,13,5,2015,224,37
2176,14,5,2015,193,48
2177,15,5,2015,2015,85
2178,16,5,2015,687,65
2179,17,5,2015,424,39
2180,18,5,2015,140,49
2181,19,5,2015,864,34
2182,20,5,2015,866,69
2183,21,5,2015,532,46
2184,22,5,2015,447,31
2185,23,5,2015,105,20
2186,1,6,2015,495,34
2187,2,6,2015,40,10
2188,3,6,2015,7,5
2189,4,6,2015,1849,90
2190,5,6,2015,547,53
2191,6,6,2015,429,41
2192,7,6,2015,201,49
2193,8,6,2015,438,93
2194,9,6,2015,984,42
2195,10,6,2015,493,25
2196,11,6,2015,378,51
2197,12,6,2015,218,35
2198,13,6,2015,238,39
2199,14,6,2015,186,46
2200,15,6,2015,1858,78
2201,16,6,2015,775,74
2202,17,6,2015,419,38
2203,18,6,2015,132,46
2204,19,6,2015,902,36
2205,20,6,2015,957,76
2206,21,6,2015,568,49
2207,22,6,2015,497,34
2208,23,6,2015,117,22
2209,1,7,2015,593,41
2210,2,7,2015,33,8
2211,3,7,2015,5,4
2212,4,7,2015,1846,90
2213,5,7,2015,671,65
2214,6,7,2015,450,43
2215,7,7,2015,212,51
2216,8,7,2015,435,92
2217,9,7,2015,967,41
2218,10,7,2015,498,25
2219,11,7,2015,363,49
2220,12,7,2015,232,37
2221,13,7,2015,243,40
2222,14,7,2015,190,47
2223,15,7,2015,1761,74
2224,16,7,2015,585,56
2225,17,7,2015,474,43
2226,18,7,2015,144,51
2227,19,7,2015,889,35
2228,20,7,2015,954,76
2229,21,7,2015,527,46
2230,22,7,2015,528,36
2231,23,7,2015,141,26
2232,1,8,2015,571,40
2233,2,8,2015,43,11
2234,3,8,2015,3,2
2235,4,8,2015,1841,90
2236,5,8,2015,685,66
2237,6,8,2015,460,44
2238,7,8,2015,219,53
2239,8,8,2015,417,88
2240,9,8,2015,1033,44
2241,10,8,2015,456,23
2242,11,8,2015,369,50
2243,12,8,2015,204,33
2244,13,8,2015,245,40
2245,14,8,2015,197,49
2246,15,8,2015,1739,73
2247,16,8,2015,892,85
2248,17,8,2015,442,41
2249,18,8,2015,143,50
2250,19,8,2015,877,35
2251,20,8,2015,790,63
2252,21,8,2015,532,46
2253,22,8,2015,498,34
2254,23,8,2015,107,20
2255,1,9,2015,520,36
2256,2,9,2015,40,10
2257,3,9,2015,4,3
2258,4,9,2015,1863,91
2259,5,9,2015,585,56
2260,6,9,2015,520,50
2261,7,9,2015,192,47
2262,8,9,2015,431,91
2263,9,9,2015,1087,46
2264,10,9,2015,581,30
2265,11,9,2015,441,60
2266,12,9,2015,228,37
2267,13,9,2015,290,47
2268,14,9,2015,251,63
2269,15,9,2015,2111,89
2270,16,9,2015,663,63
2271,17,9,2015,508,47
2272,18,9,2015,164,58
2273,19,9,2015,854,34
2274,20,9,2015,1179,94
2275,21,9,2015,636,55
2276,22,9,2015,570,39
2277,23,9,2015,120,23
2278,1,10,2015,533,37
2279,2,10,2015,41,10
2280,3,10,2015,4,3
2281,4,10,2015,1991,97
2282,5,10,2015,989,99
2283,6,10,2015,481,46
2284,7,10,2015,190,46
2285,8,10,2015,483,102
2286,9,10,2015,1082,46
2287,10,10,2015,589,30
2288,11,10,2015,430,59
2289,12,10,2015,263,42
2290,13,10,2015,327,54
2291,14,10,2015,250,62
2292,15,10,2015,2156,91
2293,16,10,2015,684,65
2294,17,10,2015,500,46
2295,18,10,2015,166,58
2296,19,10,2015,895,36
2297,20,10,2015,1263,100
2298,21,10,2015,652,57
2299,22,10,2015,546,37
2300,23,10,2015,212,40
2301,1,11,2015,366,25
2302,2,11,2015,28,7
2303,3,11,2015,4,3
2304,4,11,2015,1841,90
2305,5,11,2015,955,92
2306,6,11,2015,475,45
2307,7,11,2015,188,46
2308,8,11,2015,481,102
2309,9,11,2015,1044,44
2310,10,11,2015,573,29
2311,11,11,2015,422,57
2312,12,11,2015,260,42
2313,13,11,2015,303,50
2314,14,11,2015,256,64
2315,15,11,2015,2249,95
2316,16,11,2015,678,65
2317,17,11,2015,512,47
2318,18,11,2015,168,59
2319,19,11,2015,849,34
2320,20,11,2015,1138,91
2321,21,11,2015,668,58
2322,22,11,2015,548,38
2323,23,11,2015,199,37
2324,1,12,2015,513,36
2325,2,12,2015,40,10
2326,3,12,2015,6,4
2327,4,12,2015,1817,88
2328,5,12,2015,931,90
2329,6,12,2015,444,42
2330,7,12,2015,205,50
2331,8,12,2015,420,89
2332,9,12,2015,1030,44
2333,10,12,2015,502,26
2334,11,12,2015,385,52
2335,12,12,2015,255,41
2336,13,12,2015,242,40
2337,14,12,2015,238,59
2338,15,12,2015,2109,89
2339,16,12,2015,680,65
2340,17,12,2015,514,47
2341,18,12,2015,159,56
2342,19,12,2015,982,39
2343,20,12,2015,1136,90
2344,21,12,2015,578,50
2345,22,12,2015,563,39
2346,23,12,2015,195,37
2347,1,1,2016,467,33
2348,2,1,2015,49,13
2349,3,1,2015,3,2
2350,4,1,2015,1721,84
2351,5,1,2015,829,80
2352,6,1,2015,408,39
2353,7,1,2015,179,43
2354,8,1,2015,366,78
2355,9,1,2015,977,41
2356,10,1,2015,518,26
2357,11,1,2015,456,62
2358,12,1,2015,262,42
2359,13,1,2015,310,51
2360,14,1,2015,228,57
2361,15,1,2015,1925,81
2362,16,1,2015,690,66
2363,17,1,2015,401,37
2364,18,1,2015,177,62
2365,19,1,2015,760,30
2366,20,1,2015,1040,83
2367,21,1,2015,669,58
2368,22,1,2015,601,41
2369,23,1,2015,236,44
2370,1,2,2016,576,40
2371,2,2,2016,47,12
2372,3,2,2016,6,4
2373,4,2,2016,1684,82
2374,5,2,2016,845,82
2375,6,2,2016,432,41
2376,7,2,2016,177,43
2377,8,2,2016,384,81
2378,9,2,2016,962,41
2379,10,2,2016,565,29
2380,11,2,2016,465,63
2381,12,2,2016,313,50
2382,13,2,2016,360,59
2383,14,2,2016,218,54
2384,15,2,2016,2132,90
2385,16,2,2016,680,65
2386,17,2,2016,434,40
2387,18,2,2016,176,62
2388,19,2,2016,1011,40
2389,20,2,2016,972,77
2390,21,2,2016,636,55
2391,22,2,2016,530,36
2392,23,2,2016,153,29
2393,1,3,2016,492,34
2394,2,3,2016,43,11
2395,3,3,2016,5,4
2396,4,3,2016,1669,81
2397,5,3,2016,643,62
2398,6,3,2016,372,35
2399,7,3,2016,191,46
2400,8,3,2016,410,87
2401,9,3,2016,938,40
2402,10,3,2016,507,26
2403,11,3,2016,437,60
2404,12,3,2016,261,42
2405,13,3,2016,314,51
2406,14,3,2016,253,63
2407,15,3,2016,2082,88
2408,16,3,2016,641,61
2409,17,3,2016,427,39
2410,18,3,2016,146,51
2411,19,3,2016,904,36
2412,20,3,2016,962,77
2413,21,3,2016,529,46
2414,22,3,2016,515,35
2415,23,3,2016,152,29
2416,1,4,2016,502,35
2417,2,4,2016,33,8
2418,3,4,2016,4,3
2419,4,4,2016,1825,89
2420,5,4,2016,926,89
2421,6,4,2016,491,47
2422,7,4,2016,224,54
2423,8,4,2016,402,85
2424,9,4,2016,945,40
2425,10,4,2016,504,26
2426,11,4,2016,415,57
2427,12,4,2016,251,40
2428,13,4,2016,231,38
2429,14,4,2016,270,67
2430,15,4,2016,2120,89
2431,16,4,2016,718,68
2432,17,4,2016,475,44
2433,18,4,2016,169,59
2434,19,4,2016,866,34
2435,20,4,2016,938,75
2436,21,4,2016,590,51
2437,22,4,2016,487,33
2438,23,4,2016,152,29
2439,1,5,2016,516,36
2440,2,5,2016,29,7
2441,3,5,2016,13,9
2442,4,5,2016,1990,97
2443,5,5,2016,938,91
2444,6,5,2016,522,50
2445,7,5,2016,221,54
2446,8,5,2016,472,100
2447,9,5,2016,,
2448,10,5,2016,,
2449,11,5,2016,,
2450,12,5,2016,,
2451,13,5,2016,,
2452,14,5,2016,,
2453,15,5,2016,2292,96
2454,16,5,2016,764,73
2455,17,5,2016,593,54
2456,18,5,2016,154,54
2457,19,5,2016,880,35
2458,20,5,2016,1076,86
2459,21,5,2016,545,47
2460,22,5,2016,514,35
2461,23,5,2016,217,41
2462,1,6,2016,618,43
2463,2,6,2016,29,7
2464,3,6,2016,14,10
2465,4,6,2016,1857,90
2466,5,6,2016,928,90
2467,6,6,2016,481,46
2468,7,6,2016,228,55
2469,8,6,2016,466,99
2470,9,6,2016,944,40
2471,10,6,2016,506,26
2472,11,6,2016,353,48
2473,12,6,2016,140,23
2474,13,6,2016,293,48
2475,14,6,2016,229,57
2476,15,6,2016,2152,90
2477,16,6,2016,758,72
2478,17,6,2016,440,40
2479,18,6,2016,169,59
2480,19,6,2016,861,34
2481,20,6,2016,1081,86
2482,21,6,2016,480,42
2483,22,6,2016,468,32
2484,23,6,2016,207,39
2485,1,7,2016,600,42
2486,2,7,2016,37,9
2487,3,7,2016,18,13
2488,4,7,2016,1838,89
2489,5,7,2016,886,86
2490,6,7,2016,473,45
2491,7,7,2016,223,54
2492,8,7,2016,469,99
2493,9,7,2016,878,37
2494,10,7,2016,516,26
2495,11,7,2016,378,51
2496,12,7,2016,203,33
2497,13,7,2016,278,45
2498,14,7,2016,227,57
2499,15,7,2016,2066,87
2500,16,7,2016,718,68
2501,17,7,2016,523,48
2502,18,7,2016,168,59
2503,19,7,2016,752,30
2504,20,7,2016,926,74
2505,21,7,2016,505,44
2506,22,7,2016,498,34
2507,23,7,2016,202,38
2508,1,8,2016,555,39
2509,2,8,2016,35,9
2510,3,8,2016,3,2
2511,4,8,2016,1851,90
2512,5,8,2016,774,75
2513,6,8,2016,573,55
2514,7,8,2016,257,62
2515,8,8,2016,470,100
2516,9,8,2016,885,37
2517,10,8,2016,472,24
2518,11,8,2016,360,49
2519,12,8,2016,234,38
2520,13,8,2016,259,42
2521,14,8,2016,222,55
2522,15,8,2016,1968,83
2523,16,8,2016,667,64
2524,17,8,2016,451,41
2525,18,8,2016,160,56
2526,19,8,2016,864,34
2527,20,8,2016,868,69
2528,21,8,2016,521,45
2529,22,8,2016,346,24
2530,23,8,2016,242,45
2531,1,9,2016,563,39
2532,2,9,2016,40,10
2533,3,9,2016,2,1
2534,4,9,2016,2042,99
2535,5,9,2016,951,92
2536,6,9,2016,512,49
2537,7,9,2016,215,52
2538,8,9,2016,469,99
2539,9,9,2016,1117,47
2540,10,9,2016,712,36
2541,11,9,2016,467,64
2542,12,9,2016,292,47
2543,13,9,2016,292,48
2544,14,9,2016,303,76
2545,15,9,2016,2304,97
2546,16,9,2016,865,82
2547,17,9,2016,606,56
2548,18,9,2016,177,62
2549,19,9,2016,912,36
2550,20,9,2016,1143,91
2551,21,9,2016,682,59
2552,22,9,2016,538,37
2553,23,9,2016,219,41
2554,1,10,2016,566,39
2555,2,10,2016,41,10
2556,3,10,2016,1,1
2557,4,10,2016,1875,91
2558,5,10,2016,991,96
2559,6,10,2016,565,54
2560,7,10,2016,224,54
2561,8,10,2016,472,100
2562,9,10,2016,1029,44
2563,10,10,2016,589,30
2564,11,10,2016,433,59
2565,12,10,2016,162,26
2566,13,10,2016,288,47
2567,14,10,2016,274,68
2568,15,10,2016,2228,94
2569,16,10,2016,731,70
2570,17,10,2016,545,50
2571,18,10,2016,178,62
2572,19,10,2016,783,31
2573,20,10,2016,1216,97
2574,21,10,2016,472,41
2575,22,10,2016,429,29
2576,23,10,2016,214,40
2577,1,11,2016,558,39
2578,2,11,2016,44,11
2579,3,11,2016,2,1
2580,4,11,2016,1814,88
2581,5,11,2016,976,94
2582,6,11,2016,542,52
2583,7,11,2016,233,57
2584,8,11,2016,472,100
2585,9,11,2016,1004,42
2586,10,11,2016,604,31
2587,11,11,2016,455,62
2588,12,11,2016,280,45
2589,13,11,2016,292,48
2590,14,11,2016,287,72
2591,15,11,2016,2251,95
2592,16,11,2016,809,77
2593,17,11,2016,424,39
2594,18,11,2016,196,69
2595,19,11,2016,865,34
2596,20,11,2016,958,76
2597,21,11,2016,405,35
2598,22,11,2016,397,27
2599,23,11,2016,167,31
2600,1,12,2016,523,36
2601,2,12,2016,39,10
2602,3,12,2016,4,3
2603,4,12,2016,1743,85
2604,5,12,2016,744,72
2605,6,12,2016,442,42
2606,7,12,2016,228,55
2607,8,12,2016,403,85
2608,9,12,2016,888,38
2609,10,12,2016,542,28
2610,11,12,2016,261,36
2611,12,12,2016,319,51
2612,13,12,2016,273,45
2613,14,12,2016,177,44
2614,15,12,2016,2021,85
2615,16,12,2016,614,58
2616,17,12,2016,368,34
2617,18,12,2016,167,59
2618,19,12,2016,796,32
2619,20,12,2016,619,49
2620,21,12,2016,580,50
2621,22,12,2016,531,36
2622,23,12,2016,183,34
